Province/State,Last_Update,Confirmed,Deaths,Recovered
Alabama,2020-03-11,5.0,0.0,0.0
Alabama,2020-03-14,6.0,0.0,0.0
Alabama,2020-03-15,12.0,0.0,0.0
Alabama,2020-03-16,29.0,0.0,0.0
Alabama,2020-03-17,39.0,0.0,0.0
Alabama,2020-03-18,46.0,0.0,0.0
Alabama,2020-03-19,78.0,0.0,0.0
Alabama,2020-03-20,83.0,0.0,0.0
Alabama,2020-03-21,131.0,0.0,0.0
Alabama,2020-03-22,157.0,0.0,0.0
Alabama,2020-03-23,196.0,0.0,0.0
Alabama,2020-03-24,242.0,0.0,0.0
Alabama,2020-03-25,381.0,1.0,0.0
Alabama,2020-03-26,517.0,1.0,0.0
Alabama,2020-03-27,587.0,4.0,0.0
Alabama,2020-03-28,694.0,4.0,0.0
Alabama,2020-03-29,825.0,10.0,0.0
Alabama,2020-03-30,899.0,10.0,0.0
Alabama,2020-03-31,987.0,23.0,0.0
Alabama,2020-04-01,1060.0,27.0,0.0
Alabama,2020-04-02,1233.0,32.0,0.0
Alabama,2020-04-03,1495.0,38.0,0.0
Alabama,2020-04-04,1614.0,44.0,0.0
Alabama,2020-04-05,1765.0,45.0,0.0
Alabama,2020-04-06,1952.0,49.0,0.0
Alaska,2020-03-10,0.0,0.0,0.0
Alaska,2020-03-11,1.0,0.0,0.0
Alaska,2020-03-13,2.0,0.0,0.0
Alaska,2020-03-17,3.0,0.0,0.0
Alaska,2020-03-18,6.0,0.0,0.0
Alaska,2020-03-19,9.0,0.0,0.0
Alaska,2020-03-20,12.0,0.0,0.0
Alaska,2020-03-21,15.0,0.0,0.0
Alaska,2020-03-22,20.0,0.0,0.0
Alaska,2020-03-23,30.0,0.0,0.0
Alaska,2020-03-24,34.0,0.0,0.0
Alaska,2020-03-25,41.0,1.0,0.0
Alaska,2020-03-26,56.0,1.0,0.0
Alaska,2020-03-27,58.0,1.0,0.0
Alaska,2020-03-28,85.0,2.0,0.0
Alaska,2020-03-29,102.0,2.0,0.0
Alaska,2020-03-30,114.0,3.0,0.0
Alaska,2020-03-31,119.0,3.0,0.0
Alaska,2020-04-01,132.0,3.0,0.0
Alaska,2020-04-02,143.0,3.0,0.0
Alaska,2020-04-03,157.0,3.0,0.0
Alaska,2020-04-04,171.0,5.0,0.0
Alaska,2020-04-05,185.0,6.0,0.0
Alaska,2020-04-06,137.0,6.0,0.0
American Samoa,2020-03-22,0.0,0.0,0.0
American Samoa,2020-03-23,0.0,0.0,0.0
American Samoa,2020-03-24,0.0,0.0,0.0
American Samoa,2020-03-25,0.0,0.0,0.0
American Samoa,2020-03-26,0.0,0.0,0.0
American Samoa,2020-03-27,0.0,0.0,0.0
American Samoa,2020-03-28,0.0,0.0,0.0
American Samoa,2020-03-29,0.0,0.0,0.0
American Samoa,2020-03-30,0.0,0.0,0.0
Arizona,2020-01-26,1.0,0.0,0.0
Arizona,2020-01-27,1.0,0.0,0.0
Arizona,2020-01-28,1.0,0.0,0.0
Arizona,2020-01-29,1.0,0.0,0.0
Arizona,2020-01-30,1.0,0.0,0.0
Arizona,2020-01-31,1.0,0.0,0.0
Arizona,2020-03-10,6.0,0.0,1.0
Arizona,2020-03-11,27.0,0.0,3.0
Arizona,2020-03-14,25.0,0.0,2.0
Arizona,2020-03-16,18.0,0.0,1.0
Arizona,2020-03-17,20.0,0.0,1.0
Arizona,2020-03-18,27.0,0.0,0.0
Arizona,2020-03-19,45.0,0.0,0.0
Arizona,2020-03-20,78.0,0.0,0.0
Arizona,2020-03-21,118.0,1.0,0.0
Arizona,2020-03-22,152.0,2.0,0.0
Arizona,2020-03-23,235.0,2.0,0.0
Arizona,2020-03-24,326.0,5.0,0.0
Arizona,2020-03-25,401.0,6.0,0.0
Arizona,2020-03-26,508.0,8.0,0.0
Arizona,2020-03-27,665.0,13.0,0.0
Arizona,2020-03-28,773.0,15.0,0.0
Arizona,2020-03-29,919.0,17.0,0.0
Arizona,2020-03-30,1157.0,20.0,0.0
Arizona,2020-03-31,1289.0,24.0,0.0
Arizona,2020-04-01,1530.0,29.0,0.0
Arizona,2020-04-02,1715.0,32.0,0.0
Arizona,2020-04-03,1937.0,41.0,0.0
Arizona,2020-04-04,2187.0,52.0,0.0
Arizona,2020-04-05,2486.0,64.0,0.0
Arizona,2020-04-06,2732.0,65.0,0.0
Arkansas,2020-03-10,0.0,0.0,0.0
Arkansas,2020-03-11,7.0,0.0,0.0
Arkansas,2020-03-12,6.0,0.0,0.0
Arkansas,2020-03-14,12.0,0.0,0.0
Arkansas,2020-03-15,16.0,0.0,0.0
Arkansas,2020-03-16,44.0,0.0,0.0
Arkansas,2020-03-18,33.0,0.0,0.0
Arkansas,2020-03-19,62.0,0.0,0.0
Arkansas,2020-03-20,96.0,0.0,0.0
Arkansas,2020-03-21,122.0,0.0,0.0
Arkansas,2020-03-22,165.0,0.0,0.0
Arkansas,2020-03-23,192.0,0.0,0.0
Arkansas,2020-03-24,219.0,2.0,0.0
Arkansas,2020-03-25,280.0,2.0,0.0
Arkansas,2020-03-26,335.0,2.0,0.0
Arkansas,2020-03-27,381.0,3.0,0.0
Arkansas,2020-03-28,409.0,5.0,0.0
Arkansas,2020-03-29,426.0,6.0,0.0
Arkansas,2020-03-30,473.0,7.0,0.0
Arkansas,2020-03-31,523.0,8.0,0.0
Arkansas,2020-04-01,584.0,10.0,0.0
Arkansas,2020-04-02,643.0,12.0,0.0
Arkansas,2020-04-03,704.0,12.0,0.0
Arkansas,2020-04-04,743.0,14.0,0.0
Arkansas,2020-04-05,837.0,16.0,0.0
Arkansas,2020-04-06,875.0,16.0,0.0
California,2020-01-26,2.0,0.0,0.0
California,2020-01-27,2.0,0.0,0.0
California,2020-01-28,2.0,0.0,0.0
California,2020-01-29,2.0,0.0,0.0
California,2020-01-30,2.0,0.0,0.0
California,2020-01-31,2.0,0.0,0.0
California,2020-03-10,144.0,2.0,2.0
California,2020-03-11,459.0,7.0,8.0
California,2020-03-12,221.0,4.0,6.0
California,2020-03-14,340.0,5.0,6.0
California,2020-03-15,426.0,6.0,6.0
California,2020-03-16,557.0,7.0,6.0
California,2020-03-17,698.0,12.0,6.0
California,2020-03-18,751.0,13.0,0.0
California,2020-03-19,952.0,18.0,0.0
California,2020-03-20,1177.0,23.0,0.0
California,2020-03-21,1364.0,24.0,0.0
California,2020-03-22,1646.0,30.0,0.0
California,2020-03-23,2108.0,39.0,0.0
California,2020-03-24,2538.0,50.0,0.0
California,2020-03-25,2998.0,65.0,0.0
California,2020-03-26,3899.0,81.0,0.0
California,2020-03-27,4657.0,94.0,0.0
California,2020-03-28,5095.0,110.0,0.0
California,2020-03-29,5852.0,124.0,0.0
California,2020-03-30,7138.0,146.0,0.0
California,2020-03-31,8210.0,173.0,0.0
California,2020-04-01,9399.0,199.0,0.0
California,2020-04-02,10773.0,238.0,0.0
California,2020-04-03,12004.0,265.0,0.0
California,2020-04-04,12837.0,289.0,0.0
California,2020-04-05,15034.0,348.0,0.0
California,2020-04-06,16019.0,380.0,0.0
Chicago,2020-01-24,1.0,0.0,0.0
Colorado,2020-03-10,15.0,0.0,0.0
Colorado,2020-03-11,83.0,0.0,0.0
Colorado,2020-03-12,45.0,0.0,0.0
Colorado,2020-03-14,232.0,2.0,0.0
Colorado,2020-03-16,160.0,1.0,0.0
Colorado,2020-03-17,160.0,2.0,0.0
Colorado,2020-03-18,184.0,2.0,0.0
Colorado,2020-03-19,277.0,4.0,0.0
Colorado,2020-03-20,363.0,4.0,0.0
Colorado,2020-03-21,390.0,4.0,0.0
Colorado,2020-03-22,591.0,6.0,0.0
Colorado,2020-03-23,704.0,7.0,0.0
Colorado,2020-03-24,723.0,8.0,0.0
Colorado,2020-03-25,1021.0,16.0,0.0
Colorado,2020-03-26,1430.0,19.0,0.0
Colorado,2020-03-27,1433.0,27.0,0.0
Colorado,2020-03-28,1740.0,31.0,0.0
Colorado,2020-03-29,2307.0,47.0,0.0
Colorado,2020-03-30,2311.0,47.0,0.0
Colorado,2020-03-31,2966.0,69.0,0.0
Colorado,2020-04-01,2982.0,69.0,0.0
Colorado,2020-04-02,3342.0,80.0,0.0
Colorado,2020-04-03,3742.0,97.0,0.0
Colorado,2020-04-04,4188.0,111.0,0.0
Colorado,2020-04-05,4950.0,140.0,0.0
Colorado,2020-04-06,5183.0,150.0,0.0
Connecticut,2020-03-10,2.0,0.0,0.0
Connecticut,2020-03-11,14.0,0.0,0.0
Connecticut,2020-03-12,5.0,0.0,0.0
Connecticut,2020-03-14,22.0,0.0,0.0
Connecticut,2020-03-15,24.0,0.0,0.0
Connecticut,2020-03-16,30.0,0.0,0.0
Connecticut,2020-03-17,136.0,0.0,0.0
Connecticut,2020-03-19,159.0,2.0,0.0
Connecticut,2020-03-20,194.0,3.0,0.0
Connecticut,2020-03-21,194.0,4.0,0.0
Connecticut,2020-03-22,327.0,8.0,0.0
Connecticut,2020-03-23,415.0,10.0,0.0
Connecticut,2020-03-24,618.0,12.0,0.0
Connecticut,2020-03-25,875.0,19.0,0.0
Connecticut,2020-03-26,1012.0,21.0,0.0
Connecticut,2020-03-27,1291.0,27.0,0.0
Connecticut,2020-03-28,1524.0,33.0,0.0
Connecticut,2020-03-29,1993.0,34.0,0.0
Connecticut,2020-03-30,2571.0,36.0,0.0
Connecticut,2020-03-31,3128.0,69.0,0.0
Connecticut,2020-04-01,3557.0,85.0,0.0
Connecticut,2020-04-02,3824.0,112.0,0.0
Connecticut,2020-04-03,4914.0,131.0,0.0
Connecticut,2020-04-04,5276.0,165.0,0.0
Connecticut,2020-04-05,5675.0,189.0,0.0
Connecticut,2020-04-06,6906.0,206.0,0.0
Delaware,2020-03-10,0.0,0.0,0.0
Delaware,2020-03-11,6.0,0.0,0.0
Delaware,2020-03-14,13.0,0.0,0.0
Delaware,2020-03-16,8.0,0.0,0.0
Delaware,2020-03-17,16.0,0.0,0.0
Delaware,2020-03-18,19.0,0.0,0.0
Delaware,2020-03-19,30.0,0.0,0.0
Delaware,2020-03-20,38.0,0.0,0.0
Delaware,2020-03-21,45.0,0.0,0.0
Delaware,2020-03-22,56.0,0.0,0.0
Delaware,2020-03-23,68.0,0.0,0.0
Delaware,2020-03-24,104.0,0.0,0.0
Delaware,2020-03-25,119.0,0.0,0.0
Delaware,2020-03-26,130.0,1.0,0.0
Delaware,2020-03-27,163.0,2.0,0.0
Delaware,2020-03-28,214.0,5.0,0.0
Delaware,2020-03-29,232.0,6.0,0.0
Delaware,2020-03-30,264.0,6.0,0.0
Delaware,2020-03-31,319.0,10.0,0.0
Delaware,2020-04-01,368.0,11.0,0.0
Delaware,2020-04-02,393.0,12.0,0.0
Delaware,2020-04-03,450.0,14.0,0.0
Delaware,2020-04-04,593.0,14.0,0.0
Delaware,2020-04-05,673.0,14.0,0.0
Delaware,2020-04-06,783.0,15.0,0.0
Diamond Princess,2020-03-10,230.0,0.0,0.0
Diamond Princess,2020-03-11,46.0,0.0,0.0
Diamond Princess,2020-03-16,188.0,0.0,0.0
Diamond Princess,2020-03-20,98.0,0.0,0.0
Diamond Princess,2020-03-22,49.0,0.0,0.0
Diamond Princess,2020-03-23,49.0,0.0,0.0
Diamond Princess,2020-03-24,49.0,0.0,0.0
Diamond Princess,2020-03-25,49.0,0.0,0.0
Diamond Princess,2020-03-26,49.0,0.0,0.0
Diamond Princess,2020-03-27,49.0,0.0,0.0
Diamond Princess,2020-03-28,49.0,0.0,0.0
Diamond Princess,2020-03-29,49.0,0.0,0.0
Diamond Princess,2020-03-30,49.0,0.0,0.0
Diamond Princess,2020-03-31,49.0,0.0,0.0
Diamond Princess,2020-04-01,49.0,0.0,0.0
Diamond Princess,2020-04-02,49.0,0.0,0.0
Diamond Princess,2020-04-03,49.0,0.0,0.0
Diamond Princess,2020-04-04,49.0,0.0,0.0
Diamond Princess,2020-04-05,49.0,0.0,0.0
Diamond Princess,2020-04-06,49.0,0.0,0.0
District of Columbia,2020-03-10,5.0,0.0,0.0
District of Columbia,2020-03-11,40.0,0.0,0.0
District of Columbia,2020-03-15,16.0,0.0,0.0
District of Columbia,2020-03-16,44.0,0.0,0.0
District of Columbia,2020-03-18,31.0,0.0,0.0
District of Columbia,2020-03-19,40.0,0.0,0.0
District of Columbia,2020-03-20,71.0,1.0,0.0
District of Columbia,2020-03-21,77.0,1.0,0.0
District of Columbia,2020-03-22,102.0,2.0,0.0
District of Columbia,2020-03-23,120.0,2.0,0.0
District of Columbia,2020-03-24,141.0,2.0,0.0
District of Columbia,2020-03-25,187.0,2.0,0.0
District of Columbia,2020-03-26,231.0,3.0,0.0
District of Columbia,2020-03-27,271.0,3.0,0.0
District of Columbia,2020-03-28,304.0,4.0,0.0
District of Columbia,2020-03-29,342.0,5.0,0.0
District of Columbia,2020-03-30,401.0,9.0,0.0
District of Columbia,2020-03-31,495.0,9.0,0.0
District of Columbia,2020-04-01,586.0,9.0,0.0
District of Columbia,2020-04-02,653.0,12.0,0.0
District of Columbia,2020-04-03,757.0,15.0,0.0
District of Columbia,2020-04-04,902.0,21.0,0.0
District of Columbia,2020-04-05,1002.0,22.0,0.0
District of Columbia,2020-04-06,1097.0,24.0,0.0
Florida,2020-03-10,15.0,2.0,0.0
Florida,2020-03-11,78.0,4.0,0.0
Florida,2020-03-12,35.0,2.0,0.0
Florida,2020-03-14,76.0,3.0,0.0
Florida,2020-03-15,115.0,4.0,0.0
Florida,2020-03-16,155.0,5.0,0.0
Florida,2020-03-17,216.0,6.0,0.0
Florida,2020-03-18,314.0,7.0,0.0
Florida,2020-03-19,417.0,9.0,0.0
Florida,2020-03-20,563.0,10.0,0.0
Florida,2020-03-21,659.0,13.0,0.0
Florida,2020-03-22,1004.0,13.0,0.0
Florida,2020-03-23,1227.0,18.0,0.0
Florida,2020-03-24,1412.0,18.0,0.0
Florida,2020-03-25,1682.0,23.0,0.0
Florida,2020-03-26,2357.0,29.0,0.0
Florida,2020-03-27,2900.0,35.0,0.0
Florida,2020-03-28,3763.0,54.0,0.0
Florida,2020-03-29,4246.0,56.0,0.0
Florida,2020-03-30,5473.0,63.0,0.0
Florida,2020-03-31,6741.0,85.0,0.0
Florida,2020-04-01,6956.0,87.0,0.0
Florida,2020-04-02,9008.0,164.0,0.0
Florida,2020-04-03,10268.0,170.0,0.0
Florida,2020-04-04,11545.0,195.0,0.0
Florida,2020-04-05,12350.0,221.0,0.0
Florida,2020-04-06,13324.0,236.0,0.0
Georgia,2020-03-10,17.0,0.0,0.0
Georgia,2020-03-11,65.0,1.0,0.0
Georgia,2020-03-12,31.0,1.0,0.0
Georgia,2020-03-14,66.0,1.0,0.0
Georgia,2020-03-15,99.0,1.0,0.0
Georgia,2020-03-16,121.0,1.0,0.0
Georgia,2020-03-17,146.0,1.0,0.0
Georgia,2020-03-18,199.0,3.0,0.0
Georgia,2020-03-19,287.0,10.0,0.0
Georgia,2020-03-20,420.0,13.0,0.0
Georgia,2020-03-21,507.0,14.0,0.0
Georgia,2020-03-22,621.0,25.0,0.0
Georgia,2020-03-23,772.0,25.0,0.0
Georgia,2020-03-24,1026.0,32.0,0.0
Georgia,2020-03-25,1247.0,40.0,0.0
Georgia,2020-03-26,1525.0,48.0,0.0
Georgia,2020-03-27,2000.0,64.0,0.0
Georgia,2020-03-28,2366.0,69.0,0.0
Georgia,2020-03-29,2651.0,80.0,0.0
Georgia,2020-03-30,2808.0,87.0,0.0
Georgia,2020-03-31,3929.0,111.0,0.0
Georgia,2020-04-01,4638.0,139.0,0.0
Georgia,2020-04-02,5348.0,163.0,0.0
Georgia,2020-04-03,5831.0,184.0,0.0
Georgia,2020-04-04,6160.0,201.0,0.0
Georgia,2020-04-05,6647.0,211.0,0.0
Georgia,2020-04-06,7314.0,229.0,0.0
Grand Princess,2020-03-10,105.0,0.0,0.0
Grand Princess,2020-03-11,21.0,0.0,0.0
Grand Princess,2020-03-16,20.0,0.0,0.0
Grand Princess,2020-03-17,42.0,0.0,0.0
Grand Princess,2020-03-19,22.0,0.0,0.0
Grand Princess,2020-03-20,46.0,0.0,0.0
Grand Princess,2020-03-22,30.0,1.0,0.0
Grand Princess,2020-03-23,28.0,1.0,0.0
Grand Princess,2020-03-24,28.0,1.0,0.0
Grand Princess,2020-03-25,28.0,1.0,0.0
Grand Princess,2020-03-26,28.0,1.0,0.0
Grand Princess,2020-03-27,28.0,3.0,0.0
Grand Princess,2020-03-28,103.0,3.0,0.0
Grand Princess,2020-03-29,103.0,3.0,0.0
Grand Princess,2020-03-30,103.0,3.0,0.0
Grand Princess,2020-03-31,103.0,3.0,0.0
Grand Princess,2020-04-01,103.0,3.0,0.0
Grand Princess,2020-04-02,103.0,3.0,0.0
Grand Princess,2020-04-03,103.0,3.0,0.0
Grand Princess,2020-04-04,103.0,3.0,0.0
Grand Princess,2020-04-05,103.0,3.0,0.0
Grand Princess,2020-04-06,103.0,3.0,0.0
Grand Princess Cruise Ship,2020-03-07,63.0,0.0,0.0
Guam,2020-03-15,9.0,0.0,0.0
Guam,2020-03-18,5.0,0.0,0.0
Guam,2020-03-19,12.0,0.0,0.0
Guam,2020-03-20,14.0,0.0,0.0
Guam,2020-03-21,15.0,0.0,0.0
Guam,2020-03-22,27.0,1.0,0.0
Guam,2020-03-23,29.0,1.0,0.0
Guam,2020-03-24,32.0,1.0,0.0
Guam,2020-03-25,37.0,1.0,0.0
Guam,2020-03-26,45.0,1.0,0.0
Guam,2020-03-27,51.0,1.0,0.0
Guam,2020-03-28,55.0,1.0,0.0
Guam,2020-03-29,56.0,1.0,0.0
Guam,2020-03-30,58.0,1.0,0.0
Guam,2020-03-31,69.0,2.0,0.0
Guam,2020-04-01,77.0,3.0,0.0
Guam,2020-04-02,82.0,3.0,0.0
Guam,2020-04-03,84.0,4.0,0.0
Guam,2020-04-04,93.0,4.0,0.0
Guam,2020-04-05,112.0,4.0,0.0
Guam,2020-04-06,113.0,4.0,0.0
Hawaii,2020-03-10,6.0,0.0,0.0
Hawaii,2020-03-11,2.0,0.0,0.0
Hawaii,2020-03-14,4.0,0.0,0.0
Hawaii,2020-03-15,6.0,0.0,0.0
Hawaii,2020-03-16,7.0,0.0,0.0
Hawaii,2020-03-17,10.0,0.0,0.0
Hawaii,2020-03-18,14.0,0.0,0.0
Hawaii,2020-03-19,16.0,0.0,0.0
Hawaii,2020-03-20,26.0,0.0,0.0
Hawaii,2020-03-21,37.0,0.0,0.0
Hawaii,2020-03-22,53.0,0.0,0.0
Hawaii,2020-03-23,56.0,0.0,0.0
Hawaii,2020-03-24,90.0,1.0,0.0
Hawaii,2020-03-25,91.0,0.0,0.0
Hawaii,2020-03-26,95.0,0.0,0.0
Hawaii,2020-03-27,106.0,0.0,0.0
Hawaii,2020-03-28,149.0,0.0,0.0
Hawaii,2020-03-29,149.0,0.0,0.0
Hawaii,2020-03-30,175.0,0.0,0.0
Hawaii,2020-03-31,204.0,0.0,0.0
Hawaii,2020-04-01,224.0,1.0,0.0
Hawaii,2020-04-02,256.0,1.0,0.0
Hawaii,2020-04-03,319.0,3.0,0.0
Hawaii,2020-04-04,351.0,3.0,0.0
Hawaii,2020-04-05,371.0,4.0,0.0
Hawaii,2020-04-06,387.0,5.0,0.0
Idaho,2020-03-10,0.0,0.0,0.0
Idaho,2020-03-11,1.0,0.0,0.0
Idaho,2020-03-14,2.0,0.0,0.0
Idaho,2020-03-15,10.0,0.0,0.0
Idaho,2020-03-17,8.0,0.0,0.0
Idaho,2020-03-18,9.0,0.0,0.0
Idaho,2020-03-19,11.0,0.0,0.0
Idaho,2020-03-20,23.0,0.0,0.0
Idaho,2020-03-21,36.0,0.0,0.0
Idaho,2020-03-22,42.0,0.0,0.0
Idaho,2020-03-23,68.0,0.0,0.0
Idaho,2020-03-24,81.0,0.0,0.0
Idaho,2020-03-25,91.0,0.0,0.0
Idaho,2020-03-26,146.0,3.0,0.0
Idaho,2020-03-27,205.0,3.0,0.0
Idaho,2020-03-28,234.0,4.0,0.0
Idaho,2020-03-29,281.0,5.0,0.0
Idaho,2020-03-30,340.0,6.0,0.0
Idaho,2020-03-31,515.0,8.0,0.0
Idaho,2020-04-01,566.0,9.0,0.0
Idaho,2020-04-02,776.0,9.0,0.0
Idaho,2020-04-03,891.0,9.0,0.0
Idaho,2020-04-04,1022.0,10.0,0.0
Idaho,2020-04-05,1078.0,10.0,0.0
Idaho,2020-04-06,1101.0,10.0,0.0
Illinois,2020-01-25,1.0,0.0,0.0
Illinois,2020-01-26,1.0,0.0,0.0
Illinois,2020-01-27,1.0,0.0,0.0
Illinois,2020-01-28,1.0,0.0,0.0
Illinois,2020-01-29,1.0,0.0,0.0
Illinois,2020-01-30,1.0,0.0,0.0
Illinois,2020-01-31,2.0,0.0,0.0
Illinois,2020-03-10,12.0,0.0,2.0
Illinois,2020-03-11,71.0,0.0,4.0
Illinois,2020-03-12,32.0,0.0,2.0
Illinois,2020-03-14,64.0,0.0,2.0
Illinois,2020-03-15,93.0,0.0,2.0
Illinois,2020-03-16,105.0,0.0,2.0
Illinois,2020-03-17,161.0,1.0,2.0
Illinois,2020-03-18,162.0,1.0,0.0
Illinois,2020-03-19,422.0,4.0,0.0
Illinois,2020-03-20,585.0,5.0,0.0
Illinois,2020-03-21,753.0,6.0,0.0
Illinois,2020-03-22,1049.0,9.0,0.0
Illinois,2020-03-23,1285.0,12.0,0.0
Illinois,2020-03-24,1537.0,16.0,0.0
Illinois,2020-03-25,1865.0,19.0,0.0
Illinois,2020-03-26,2538.0,26.0,0.0
Illinois,2020-03-27,3024.0,34.0,0.0
Illinois,2020-03-28,3491.0,47.0,0.0
Illinois,2020-03-29,4596.0,66.0,0.0
Illinois,2020-03-30,5056.0,73.0,0.0
Illinois,2020-03-31,5994.0,99.0,0.0
Illinois,2020-04-01,6980.0,141.0,0.0
Illinois,2020-04-02,7695.0,163.0,0.0
Illinois,2020-04-03,8904.0,210.0,0.0
Illinois,2020-04-04,10357.0,244.0,0.0
Illinois,2020-04-05,11259.0,274.0,0.0
Illinois,2020-04-06,12262.0,307.0,0.0
Indiana,2020-03-10,6.0,0.0,0.0
Indiana,2020-03-11,24.0,0.0,0.0
Indiana,2020-03-12,13.0,0.0,0.0
Indiana,2020-03-14,16.0,0.0,0.0
Indiana,2020-03-15,20.0,0.0,0.0
Indiana,2020-03-16,25.0,1.0,0.0
Indiana,2020-03-17,30.0,2.0,0.0
Indiana,2020-03-18,39.0,2.0,0.0
Indiana,2020-03-19,60.0,2.0,0.0
Indiana,2020-03-20,86.0,2.0,0.0
Indiana,2020-03-21,128.0,4.0,0.0
Indiana,2020-03-22,204.0,6.0,0.0
Indiana,2020-03-23,270.0,7.0,0.0
Indiana,2020-03-24,368.0,12.0,0.0
Indiana,2020-03-25,477.0,14.0,0.0
Indiana,2020-03-26,645.0,17.0,0.0
Indiana,2020-03-27,979.0,25.0,0.0
Indiana,2020-03-28,1233.0,31.0,0.0
Indiana,2020-03-29,1513.0,32.0,0.0
Indiana,2020-03-30,1786.0,35.0,0.0
Indiana,2020-03-31,2158.0,49.0,0.0
Indiana,2020-04-01,2564.0,65.0,0.0
Indiana,2020-04-02,3038.0,78.0,0.0
Indiana,2020-04-03,3437.0,102.0,0.0
Indiana,2020-04-04,3953.0,116.0,0.0
Indiana,2020-04-05,4411.0,127.0,0.0
Indiana,2020-04-06,4956.0,143.0,0.0
Iowa,2020-03-10,8.0,0.0,0.0
Iowa,2020-03-11,30.0,0.0,0.0
Iowa,2020-03-12,16.0,0.0,0.0
Iowa,2020-03-13,17.0,0.0,0.0
Iowa,2020-03-15,18.0,0.0,0.0
Iowa,2020-03-16,46.0,0.0,0.0
Iowa,2020-03-18,29.0,0.0,0.0
Iowa,2020-03-19,44.0,0.0,0.0
Iowa,2020-03-20,45.0,0.0,0.0
Iowa,2020-03-21,68.0,0.0,0.0
Iowa,2020-03-22,90.0,0.0,0.0
Iowa,2020-03-23,105.0,0.0,0.0
Iowa,2020-03-24,124.0,0.0,0.0
Iowa,2020-03-25,146.0,1.0,0.0
Iowa,2020-03-26,179.0,1.0,0.0
Iowa,2020-03-27,235.0,3.0,0.0
Iowa,2020-03-28,298.0,3.0,0.0
Iowa,2020-03-29,336.0,4.0,0.0
Iowa,2020-03-30,424.0,6.0,0.0
Iowa,2020-03-31,497.0,7.0,0.0
Iowa,2020-04-01,547.0,9.0,0.0
Iowa,2020-04-02,614.0,11.0,0.0
Iowa,2020-04-03,699.0,11.0,0.0
Iowa,2020-04-04,787.0,14.0,0.0
Iowa,2020-04-05,869.0,18.0,0.0
Iowa,2020-04-06,946.0,25.0,0.0
Kansas,2020-03-10,3.0,0.0,0.0
Kansas,2020-03-11,5.0,1.0,0.0
Kansas,2020-03-14,16.0,2.0,0.0
Kansas,2020-03-16,11.0,1.0,0.0
Kansas,2020-03-17,36.0,2.0,0.0
Kansas,2020-03-19,34.0,1.0,0.0
Kansas,2020-03-20,44.0,1.0,0.0
Kansas,2020-03-21,57.0,2.0,0.0
Kansas,2020-03-22,65.0,2.0,0.0
Kansas,2020-03-23,84.0,2.0,0.0
Kansas,2020-03-24,100.0,2.0,0.0
Kansas,2020-03-25,134.0,3.0,0.0
Kansas,2020-03-26,172.0,3.0,0.0
Kansas,2020-03-27,206.0,4.0,0.0
Kansas,2020-03-28,266.0,4.0,0.0
Kansas,2020-03-29,330.0,7.0,0.0
Kansas,2020-03-30,372.0,8.0,0.0
Kansas,2020-03-31,434.0,9.0,0.0
Kansas,2020-04-01,485.0,10.0,0.0
Kansas,2020-04-02,553.0,12.0,0.0
Kansas,2020-04-03,629.0,18.0,0.0
Kansas,2020-04-04,698.0,21.0,0.0
Kansas,2020-04-05,751.0,22.0,0.0
Kansas,2020-04-06,849.0,25.0,0.0
Kentucky,2020-03-10,6.0,0.0,0.0
Kentucky,2020-03-11,22.0,0.0,0.0
Kentucky,2020-03-12,10.0,0.0,0.0
Kentucky,2020-03-13,14.0,0.0,0.0
Kentucky,2020-03-15,20.0,0.0,0.0
Kentucky,2020-03-16,21.0,1.0,1.0
Kentucky,2020-03-17,26.0,1.0,1.0
Kentucky,2020-03-18,27.0,1.0,0.0
Kentucky,2020-03-19,37.0,2.0,0.0
Kentucky,2020-03-20,47.0,2.0,0.0
Kentucky,2020-03-21,87.0,3.0,0.0
Kentucky,2020-03-22,103.0,3.0,0.0
Kentucky,2020-03-23,123.0,4.0,0.0
Kentucky,2020-03-24,162.0,4.0,0.0
Kentucky,2020-03-25,197.0,5.0,0.0
Kentucky,2020-03-26,247.0,5.0,0.0
Kentucky,2020-03-27,301.0,7.0,0.0
Kentucky,2020-03-28,393.0,9.0,0.0
Kentucky,2020-03-29,438.0,9.0,0.0
Kentucky,2020-03-30,479.0,11.0,0.0
Kentucky,2020-03-31,628.0,11.0,0.0
Kentucky,2020-04-01,632.0,18.0,0.0
Kentucky,2020-04-02,770.0,31.0,0.0
Kentucky,2020-04-03,770.0,34.0,0.0
Kentucky,2020-04-04,917.0,40.0,0.0
Kentucky,2020-04-05,955.0,45.0,0.0
Kentucky,2020-04-06,955.0,45.0,0.0
Louisiana,2020-03-10,1.0,0.0,0.0
Louisiana,2020-03-11,42.0,0.0,0.0
Louisiana,2020-03-12,19.0,0.0,0.0
Louisiana,2020-03-14,77.0,1.0,0.0
Louisiana,2020-03-15,91.0,2.0,0.0
Louisiana,2020-03-16,136.0,3.0,0.0
Louisiana,2020-03-17,196.0,4.0,0.0
Louisiana,2020-03-18,257.0,4.0,0.0
Louisiana,2020-03-19,392.0,10.0,0.0
Louisiana,2020-03-20,538.0,14.0,0.0
Louisiana,2020-03-21,585.0,16.0,0.0
Louisiana,2020-03-22,837.0,20.0,0.0
Louisiana,2020-03-23,1172.0,35.0,0.0
Louisiana,2020-03-24,1388.0,46.0,0.0
Louisiana,2020-03-25,1795.0,65.0,0.0
Louisiana,2020-03-26,2304.0,83.0,0.0
Louisiana,2020-03-27,2744.0,119.0,0.0
Louisiana,2020-03-28,3315.0,137.0,0.0
Louisiana,2020-03-29,3540.0,151.0,0.0
Louisiana,2020-03-30,4025.0,185.0,0.0
Louisiana,2020-03-31,5237.0,239.0,0.0
Louisiana,2020-04-01,6424.0,273.0,0.0
Louisiana,2020-04-02,9159.0,310.0,0.0
Louisiana,2020-04-03,10297.0,370.0,0.0
Louisiana,2020-04-04,12496.0,409.0,0.0
Louisiana,2020-04-05,13010.0,477.0,0.0
Louisiana,2020-04-06,14867.0,512.0,0.0
Maine,2020-03-10,0.0,0.0,0.0
Maine,2020-03-11,1.0,0.0,0.0
Maine,2020-03-14,3.0,0.0,0.0
Maine,2020-03-15,12.0,0.0,0.0
Maine,2020-03-16,17.0,0.0,0.0
Maine,2020-03-17,32.0,0.0,0.0
Maine,2020-03-18,42.0,0.0,0.0
Maine,2020-03-19,52.0,0.0,0.0
Maine,2020-03-20,56.0,0.0,0.0
Maine,2020-03-21,70.0,0.0,0.0
Maine,2020-03-22,89.0,0.0,0.0
Maine,2020-03-23,107.0,0.0,0.0
Maine,2020-03-24,118.0,0.0,0.0
Maine,2020-03-25,142.0,0.0,0.0
Maine,2020-03-26,155.0,0.0,0.0
Maine,2020-03-27,168.0,1.0,0.0
Maine,2020-03-28,211.0,1.0,0.0
Maine,2020-03-29,253.0,3.0,0.0
Maine,2020-03-30,275.0,3.0,0.0
Maine,2020-03-31,303.0,5.0,0.0
Maine,2020-04-01,303.0,5.0,0.0
Maine,2020-04-02,376.0,7.0,0.0
Maine,2020-04-03,432.0,9.0,0.0
Maine,2020-04-04,456.0,10.0,0.0
Maine,2020-04-05,470.0,10.0,0.0
Maine,2020-04-06,499.0,10.0,0.0
Maryland,2020-03-10,8.0,0.0,0.0
Maryland,2020-03-11,27.0,0.0,0.0
Maryland,2020-03-12,12.0,0.0,0.0
Maryland,2020-03-14,26.0,0.0,0.0
Maryland,2020-03-15,32.0,0.0,0.0
Maryland,2020-03-16,41.0,0.0,3.0
Maryland,2020-03-17,60.0,0.0,3.0
Maryland,2020-03-18,85.0,0.0,0.0
Maryland,2020-03-19,107.0,1.0,0.0
Maryland,2020-03-20,149.0,1.0,0.0
Maryland,2020-03-21,193.0,2.0,0.0
Maryland,2020-03-22,244.0,3.0,0.0
Maryland,2020-03-23,290.0,3.0,0.0
Maryland,2020-03-24,349.0,4.0,0.0
Maryland,2020-03-25,425.0,4.0,0.0
Maryland,2020-03-26,583.0,4.0,0.0
Maryland,2020-03-27,775.0,5.0,0.0
Maryland,2020-03-28,995.0,5.0,0.0
Maryland,2020-03-29,1239.0,10.0,0.0
Maryland,2020-03-30,1413.0,15.0,0.0
Maryland,2020-03-31,1660.0,18.0,0.0
Maryland,2020-04-01,1986.0,31.0,0.0
Maryland,2020-04-02,2331.0,36.0,0.0
Maryland,2020-04-03,2758.0,43.0,0.0
Maryland,2020-04-04,3125.0,54.0,0.0
Maryland,2020-04-05,3617.0,67.0,0.0
Maryland,2020-04-06,4045.0,91.0,0.0
Massachusetts,2020-03-10,92.0,0.0,1.0
Massachusetts,2020-03-11,218.0,0.0,2.0
Massachusetts,2020-03-12,108.0,0.0,1.0
Massachusetts,2020-03-14,302.0,0.0,2.0
Massachusetts,2020-03-16,197.0,0.0,1.0
Massachusetts,2020-03-17,218.0,0.0,1.0
Massachusetts,2020-03-18,218.0,0.0,0.0
Massachusetts,2020-03-19,328.0,0.0,0.0
Massachusetts,2020-03-20,413.0,1.0,0.0
Massachusetts,2020-03-21,525.0,1.0,0.0
Massachusetts,2020-03-22,646.0,5.0,0.0
Massachusetts,2020-03-23,777.0,9.0,0.0
Massachusetts,2020-03-24,1159.0,11.0,0.0
Massachusetts,2020-03-25,1838.0,15.0,0.0
Massachusetts,2020-03-26,2417.0,25.0,0.0
Massachusetts,2020-03-27,3240.0,35.0,0.0
Massachusetts,2020-03-28,4257.0,44.0,0.0
Massachusetts,2020-03-29,4955.0,48.0,0.0
Massachusetts,2020-03-30,5752.0,56.0,0.0
Massachusetts,2020-03-31,6620.0,89.0,0.0
Massachusetts,2020-04-01,7738.0,122.0,0.0
Massachusetts,2020-04-02,8966.0,154.0,0.0
Massachusetts,2020-04-03,10402.0,192.0,0.0
Massachusetts,2020-04-04,11736.0,216.0,0.0
Massachusetts,2020-04-05,12500.0,231.0,0.0
Massachusetts,2020-04-06,13837.0,260.0,0.0
Michigan,2020-03-10,0.0,0.0,0.0
Michigan,2020-03-11,20.0,0.0,0.0
Michigan,2020-03-14,25.0,0.0,0.0
Michigan,2020-03-15,33.0,0.0,0.0
Michigan,2020-03-16,53.0,0.0,0.0
Michigan,2020-03-17,65.0,0.0,0.0
Michigan,2020-03-18,83.0,0.0,0.0
Michigan,2020-03-19,334.0,3.0,0.0
Michigan,2020-03-20,552.0,3.0,0.0
Michigan,2020-03-21,788.0,5.0,0.0
Michigan,2020-03-22,1035.0,9.0,0.0
Michigan,2020-03-23,1329.0,15.0,0.0
Michigan,2020-03-24,1793.0,24.0,0.0
Michigan,2020-03-25,2296.0,43.0,0.0
Michigan,2020-03-26,2845.0,61.0,0.0
Michigan,2020-03-27,3634.0,92.0,0.0
Michigan,2020-03-28,4650.0,111.0,0.0
Michigan,2020-03-29,5488.0,132.0,0.0
Michigan,2020-03-30,6498.0,184.0,0.0
Michigan,2020-03-31,7615.0,259.0,0.0
Michigan,2020-04-01,9315.0,335.0,0.0
Michigan,2020-04-02,10791.0,417.0,0.0
Michigan,2020-04-03,12744.0,479.0,0.0
Michigan,2020-04-04,14225.0,540.0,0.0
Michigan,2020-04-05,15718.0,617.0,0.0
Michigan,2020-04-06,17221.0,727.0,0.0
Minnesota,2020-03-10,3.0,0.0,0.0
Minnesota,2020-03-11,19.0,0.0,0.0
Minnesota,2020-03-12,9.0,0.0,0.0
Minnesota,2020-03-14,21.0,0.0,0.0
Minnesota,2020-03-15,35.0,0.0,0.0
Minnesota,2020-03-16,54.0,0.0,0.0
Minnesota,2020-03-17,60.0,0.0,0.0
Minnesota,2020-03-18,77.0,0.0,0.0
Minnesota,2020-03-19,89.0,0.0,0.0
Minnesota,2020-03-20,115.0,0.0,0.0
Minnesota,2020-03-21,138.0,1.0,0.0
Minnesota,2020-03-22,167.0,1.0,0.0
Minnesota,2020-03-23,234.0,1.0,0.0
Minnesota,2020-03-24,261.0,1.0,0.0
Minnesota,2020-03-25,286.0,1.0,0.0
Minnesota,2020-03-26,344.0,2.0,0.0
Minnesota,2020-03-27,396.0,4.0,0.0
Minnesota,2020-03-28,441.0,5.0,0.0
Minnesota,2020-03-29,503.0,9.0,0.0
Minnesota,2020-03-30,576.0,10.0,0.0
Minnesota,2020-03-31,629.0,12.0,0.0
Minnesota,2020-04-01,689.0,17.0,0.0
Minnesota,2020-04-02,742.0,18.0,0.0
Minnesota,2020-04-03,788.0,22.0,0.0
Minnesota,2020-04-04,865.0,24.0,0.0
Minnesota,2020-04-05,935.0,29.0,0.0
Minnesota,2020-04-06,986.0,30.0,0.0
Mississippi,2020-03-10,0.0,0.0,0.0
Mississippi,2020-03-11,1.0,0.0,0.0
Mississippi,2020-03-12,1.0,0.0,0.0
Mississippi,2020-03-14,16.0,0.0,0.0
Mississippi,2020-03-16,13.0,0.0,0.0
Mississippi,2020-03-17,21.0,0.0,0.0
Mississippi,2020-03-18,34.0,0.0,0.0
Mississippi,2020-03-19,50.0,1.0,0.0
Mississippi,2020-03-20,80.0,1.0,0.0
Mississippi,2020-03-21,140.0,1.0,0.0
Mississippi,2020-03-22,207.0,1.0,0.0
Mississippi,2020-03-23,249.0,1.0,0.0
Mississippi,2020-03-24,320.0,1.0,0.0
Mississippi,2020-03-25,377.0,3.0,0.0
Mississippi,2020-03-26,485.0,6.0,0.0
Mississippi,2020-03-27,579.0,8.0,0.0
Mississippi,2020-03-28,663.0,13.0,0.0
Mississippi,2020-03-29,759.0,14.0,0.0
Mississippi,2020-03-30,847.0,16.0,0.0
Mississippi,2020-03-31,937.0,20.0,0.0
Mississippi,2020-04-01,1073.0,22.0,0.0
Mississippi,2020-04-02,1177.0,26.0,0.0
Mississippi,2020-04-03,1358.0,29.0,0.0
Mississippi,2020-04-04,1455.0,35.0,0.0
Mississippi,2020-04-05,1638.0,43.0,0.0
Mississippi,2020-04-06,1738.0,51.0,0.0
Missouri,2020-03-10,3.0,0.0,0.0
Missouri,2020-03-11,2.0,0.0,0.0
Missouri,2020-03-14,4.0,0.0,0.0
Missouri,2020-03-15,5.0,0.0,0.0
Missouri,2020-03-16,6.0,0.0,0.0
Missouri,2020-03-17,11.0,0.0,0.0
Missouri,2020-03-18,18.0,0.0,0.0
Missouri,2020-03-19,31.0,1.0,0.0
Missouri,2020-03-20,53.0,2.0,0.0
Missouri,2020-03-21,74.0,3.0,0.0
Missouri,2020-03-22,87.0,3.0,0.0
Missouri,2020-03-23,187.0,4.0,0.0
Missouri,2020-03-24,257.0,7.0,0.0
Missouri,2020-03-25,354.0,8.0,0.0
Missouri,2020-03-26,520.0,9.0,0.0
Missouri,2020-03-27,666.0,9.0,0.0
Missouri,2020-03-28,836.0,10.0,0.0
Missouri,2020-03-29,915.0,13.0,0.0
Missouri,2020-03-30,1051.0,13.0,0.0
Missouri,2020-03-31,1357.0,15.0,0.0
Missouri,2020-04-01,1613.0,18.0,0.0
Missouri,2020-04-02,1857.0,22.0,0.0
Missouri,2020-04-03,1864.0,25.0,0.0
Missouri,2020-04-04,2310.0,33.0,0.0
Missouri,2020-04-05,2347.0,44.0,0.0
Missouri,2020-04-06,2736.0,47.0,0.0
Montana,2020-03-10,0.0,0.0,0.0
Montana,2020-03-11,3.0,0.0,0.0
Montana,2020-03-14,5.0,0.0,0.0
Montana,2020-03-15,14.0,0.0,0.0
Montana,2020-03-17,9.0,0.0,0.0
Montana,2020-03-18,22.0,0.0,0.0
Montana,2020-03-20,15.0,0.0,0.0
Montana,2020-03-21,21.0,0.0,0.0
Montana,2020-03-22,34.0,0.0,0.0
Montana,2020-03-23,34.0,0.0,0.0
Montana,2020-03-24,51.0,0.0,0.0
Montana,2020-03-25,65.0,0.0,0.0
Montana,2020-03-26,90.0,0.0,0.0
Montana,2020-03-27,109.0,1.0,0.0
Montana,2020-03-28,129.0,1.0,0.0
Montana,2020-03-29,154.0,1.0,0.0
Montana,2020-03-30,171.0,5.0,0.0
Montana,2020-03-31,198.0,5.0,0.0
Montana,2020-04-01,208.0,6.0,0.0
Montana,2020-04-02,241.0,6.0,0.0
Montana,2020-04-03,243.0,5.0,0.0
Montana,2020-04-04,265.0,6.0,0.0
Montana,2020-04-05,286.0,6.0,0.0
Montana,2020-04-06,299.0,6.0,0.0
Nebraska,2020-03-10,3.0,0.0,0.0
Nebraska,2020-03-11,18.0,0.0,0.0
Nebraska,2020-03-12,10.0,0.0,0.0
Nebraska,2020-03-14,14.0,0.0,0.0
Nebraska,2020-03-15,17.0,0.0,0.0
Nebraska,2020-03-16,18.0,0.0,0.0
Nebraska,2020-03-17,21.0,0.0,0.0
Nebraska,2020-03-18,24.0,0.0,0.0
Nebraska,2020-03-19,29.0,0.0,0.0
Nebraska,2020-03-20,37.0,0.0,0.0
Nebraska,2020-03-21,38.0,0.0,0.0
Nebraska,2020-03-22,51.0,0.0,0.0
Nebraska,2020-03-23,51.0,0.0,0.0
Nebraska,2020-03-24,66.0,0.0,0.0
Nebraska,2020-03-25,71.0,0.0,0.0
Nebraska,2020-03-26,74.0,0.0,0.0
Nebraska,2020-03-27,82.0,0.0,0.0
Nebraska,2020-03-28,96.0,2.0,0.0
Nebraska,2020-03-29,108.0,2.0,0.0
Nebraska,2020-03-30,145.0,2.0,0.0
Nebraska,2020-03-31,172.0,3.0,0.0
Nebraska,2020-04-01,210.0,4.0,0.0
Nebraska,2020-04-02,246.0,5.0,0.0
Nebraska,2020-04-03,279.0,6.0,0.0
Nebraska,2020-04-04,321.0,6.0,0.0
Nebraska,2020-04-05,364.0,8.0,0.0
Nebraska,2020-04-06,417.0,9.0,0.0
Nevada,2020-03-10,4.0,0.0,0.0
Nevada,2020-03-11,24.0,0.0,0.0
Nevada,2020-03-12,14.0,0.0,0.0
Nevada,2020-03-14,45.0,0.0,0.0
Nevada,2020-03-16,45.0,1.0,0.0
Nevada,2020-03-17,56.0,1.0,0.0
Nevada,2020-03-18,55.0,1.0,0.0
Nevada,2020-03-19,95.0,1.0,0.0
Nevada,2020-03-20,114.0,1.0,0.0
Nevada,2020-03-21,161.0,2.0,0.0
Nevada,2020-03-22,190.0,2.0,0.0
Nevada,2020-03-23,245.0,4.0,0.0
Nevada,2020-03-24,278.0,4.0,0.0
Nevada,2020-03-25,323.0,6.0,0.0
Nevada,2020-03-26,420.0,10.0,0.0
Nevada,2020-03-27,536.0,10.0,0.0
Nevada,2020-03-28,626.0,10.0,0.0
Nevada,2020-03-29,920.0,15.0,0.0
Nevada,2020-03-30,1012.0,15.0,0.0
Nevada,2020-03-31,1114.0,26.0,0.0
Nevada,2020-04-01,1279.0,31.0,0.0
Nevada,2020-04-02,1463.0,38.0,0.0
Nevada,2020-04-03,1514.0,43.0,0.0
Nevada,2020-04-04,1742.0,46.0,0.0
Nevada,2020-04-05,1855.0,46.0,0.0
Nevada,2020-04-06,1953.0,46.0,0.0
New Hampshire,2020-03-10,4.0,0.0,0.0
New Hampshire,2020-03-11,11.0,0.0,0.0
New Hampshire,2020-03-12,6.0,0.0,0.0
New Hampshire,2020-03-14,20.0,0.0,0.0
New Hampshire,2020-03-16,17.0,0.0,0.0
New Hampshire,2020-03-17,52.0,0.0,0.0
New Hampshire,2020-03-19,88.0,0.0,0.0
New Hampshire,2020-03-21,55.0,0.0,0.0
New Hampshire,2020-03-22,74.0,0.0,0.0
New Hampshire,2020-03-23,101.0,1.0,0.0
New Hampshire,2020-03-24,101.0,1.0,0.0
New Hampshire,2020-03-25,108.0,1.0,0.0
New Hampshire,2020-03-26,137.0,1.0,0.0
New Hampshire,2020-03-27,158.0,1.0,0.0
New Hampshire,2020-03-28,187.0,2.0,0.0
New Hampshire,2020-03-29,214.0,2.0,0.0
New Hampshire,2020-03-30,314.0,3.0,0.0
New Hampshire,2020-03-31,357.0,3.0,0.0
New Hampshire,2020-04-01,367.0,3.0,0.0
New Hampshire,2020-04-02,316.0,3.0,0.0
New Hampshire,2020-04-03,479.0,5.0,0.0
New Hampshire,2020-04-04,540.0,7.0,0.0
New Hampshire,2020-04-05,621.0,9.0,0.0
New Hampshire,2020-04-06,715.0,9.0,0.0
New Jersey,2020-03-10,15.0,1.0,0.0
New Jersey,2020-03-11,52.0,2.0,0.0
New Jersey,2020-03-12,29.0,1.0,0.0
New Jersey,2020-03-14,69.0,1.0,0.0
New Jersey,2020-03-15,98.0,2.0,0.0
New Jersey,2020-03-16,178.0,2.0,1.0
New Jersey,2020-03-17,267.0,3.0,1.0
New Jersey,2020-03-18,267.0,3.0,0.0
New Jersey,2020-03-19,742.0,9.0,0.0
New Jersey,2020-03-20,890.0,11.0,0.0
New Jersey,2020-03-21,1327.0,16.0,0.0
New Jersey,2020-03-22,1914.0,20.0,0.0
New Jersey,2020-03-23,2844.0,27.0,0.0
New Jersey,2020-03-24,3675.0,44.0,0.0
New Jersey,2020-03-25,4402.0,62.0,0.0
New Jersey,2020-03-26,6876.0,81.0,0.0
New Jersey,2020-03-27,8825.0,108.0,0.0
New Jersey,2020-03-28,11124.0,140.0,0.0
New Jersey,2020-03-29,13386.0,161.0,0.0
New Jersey,2020-03-30,16636.0,198.0,0.0
New Jersey,2020-03-31,18696.0,267.0,0.0
New Jersey,2020-04-01,22255.0,355.0,0.0
New Jersey,2020-04-02,25590.0,537.0,0.0
New Jersey,2020-04-03,29895.0,646.0,0.0
New Jersey,2020-04-04,34124.0,846.0,0.0
New Jersey,2020-04-05,37505.0,917.0,0.0
New Jersey,2020-04-06,41090.0,1003.0,0.0
New Mexico,2020-03-10,0.0,0.0,0.0
New Mexico,2020-03-11,13.0,0.0,0.0
New Mexico,2020-03-12,5.0,0.0,0.0
New Mexico,2020-03-14,10.0,0.0,0.0
New Mexico,2020-03-15,13.0,0.0,0.0
New Mexico,2020-03-16,17.0,0.0,0.0
New Mexico,2020-03-17,46.0,0.0,0.0
New Mexico,2020-03-19,35.0,0.0,0.0
New Mexico,2020-03-20,86.0,0.0,0.0
New Mexico,2020-03-22,57.0,0.0,0.0
New Mexico,2020-03-23,83.0,0.0,0.0
New Mexico,2020-03-24,100.0,0.0,0.0
New Mexico,2020-03-25,113.0,1.0,0.0
New Mexico,2020-03-26,113.0,1.0,0.0
New Mexico,2020-03-27,136.0,1.0,0.0
New Mexico,2020-03-28,208.0,1.0,0.0
New Mexico,2020-03-29,237.0,2.0,0.0
New Mexico,2020-03-30,237.0,2.0,0.0
New Mexico,2020-03-31,315.0,4.0,0.0
New Mexico,2020-04-01,340.0,5.0,0.0
New Mexico,2020-04-02,388.0,6.0,0.0
New Mexico,2020-04-03,534.0,10.0,0.0
New Mexico,2020-04-04,534.0,10.0,0.0
New Mexico,2020-04-05,670.0,12.0,0.0
New Mexico,2020-04-06,757.0,12.0,0.0
New York,2020-03-10,173.0,0.0,0.0
New York,2020-03-11,641.0,0.0,0.0
New York,2020-03-12,328.0,0.0,0.0
New York,2020-03-14,525.0,2.0,0.0
New York,2020-03-15,732.0,3.0,0.0
New York,2020-03-16,967.0,10.0,0.0
New York,2020-03-17,1706.0,13.0,0.0
New York,2020-03-18,2495.0,16.0,0.0
New York,2020-03-19,5365.0,34.0,0.0
New York,2020-03-20,8310.0,42.0,0.0
New York,2020-03-21,11710.0,60.0,0.0
New York,2020-03-22,15800.0,117.0,0.0
New York,2020-03-23,20884.0,158.0,0.0
New York,2020-03-24,25681.0,210.0,0.0
New York,2020-03-25,30841.0,285.0,0.0
New York,2020-03-26,37877.0,385.0,0.0
New York,2020-03-27,44876.0,527.0,0.0
New York,2020-03-28,52410.0,728.0,0.0
New York,2020-03-29,59648.0,965.0,0.0
New York,2020-03-30,66663.0,1218.0,0.0
New York,2020-03-31,75833.0,1550.0,0.0
New York,2020-04-01,83948.0,1941.0,0.0
New York,2020-04-02,92506.0,2373.0,0.0
New York,2020-04-03,102987.0,2935.0,0.0
New York,2020-04-04,113833.0,3565.0,0.0
New York,2020-04-05,123160.0,4159.0,0.0
New York,2020-04-06,131815.0,4698.0,0.0
North Carolina,2020-03-10,14.0,0.0,0.0
North Carolina,2020-03-11,17.0,0.0,0.0
North Carolina,2020-03-12,15.0,0.0,0.0
North Carolina,2020-03-14,24.0,0.0,0.0
North Carolina,2020-03-15,33.0,0.0,0.0
North Carolina,2020-03-16,38.0,0.0,0.0
North Carolina,2020-03-17,64.0,0.0,0.0
North Carolina,2020-03-18,70.0,0.0,0.0
North Carolina,2020-03-19,123.0,0.0,0.0
North Carolina,2020-03-20,172.0,0.0,0.0
North Carolina,2020-03-21,253.0,0.0,0.0
North Carolina,2020-03-22,305.0,0.0,0.0
North Carolina,2020-03-23,353.0,0.0,0.0
North Carolina,2020-03-24,495.0,0.0,0.0
North Carolina,2020-03-25,590.0,2.0,0.0
North Carolina,2020-03-26,738.0,3.0,0.0
North Carolina,2020-03-27,887.0,4.0,0.0
North Carolina,2020-03-28,1020.0,5.0,0.0
North Carolina,2020-03-29,1191.0,7.0,0.0
North Carolina,2020-03-30,1313.0,7.0,0.0
North Carolina,2020-03-31,1535.0,12.0,0.0
North Carolina,2020-04-01,1675.0,14.0,0.0
North Carolina,2020-04-02,1977.0,21.0,0.0
North Carolina,2020-04-03,2251.0,27.0,0.0
North Carolina,2020-04-04,2486.0,34.0,0.0
North Carolina,2020-04-05,2649.0,38.0,0.0
North Carolina,2020-04-06,2962.0,45.0,0.0
North Dakota,2020-03-10,0.0,0.0,0.0
North Dakota,2020-03-11,1.0,0.0,0.0
North Dakota,2020-03-12,4.0,0.0,0.0
North Dakota,2020-03-17,3.0,0.0,0.0
North Dakota,2020-03-18,6.0,0.0,0.0
North Dakota,2020-03-19,18.0,0.0,0.0
North Dakota,2020-03-20,19.0,0.0,0.0
North Dakota,2020-03-21,28.0,0.0,0.0
North Dakota,2020-03-22,28.0,0.0,0.0
North Dakota,2020-03-23,30.0,0.0,0.0
North Dakota,2020-03-24,36.0,0.0,0.0
North Dakota,2020-03-25,45.0,0.0,0.0
North Dakota,2020-03-26,51.0,0.0,0.0
North Dakota,2020-03-27,68.0,1.0,0.0
North Dakota,2020-03-28,94.0,1.0,0.0
North Dakota,2020-03-29,98.0,1.0,0.0
North Dakota,2020-03-30,109.0,2.0,0.0
North Dakota,2020-03-31,122.0,3.0,0.0
North Dakota,2020-04-01,142.0,3.0,0.0
North Dakota,2020-04-02,159.0,3.0,0.0
North Dakota,2020-04-03,173.0,3.0,0.0
North Dakota,2020-04-04,186.0,3.0,0.0
North Dakota,2020-04-05,207.0,3.0,0.0
North Dakota,2020-04-06,225.0,3.0,0.0
Northern Mariana Islands,2020-03-22,0.0,0.0,0.0
Northern Mariana Islands,2020-03-23,0.0,0.0,0.0
Northern Mariana Islands,2020-03-24,0.0,0.0,0.0
Northern Mariana Islands,2020-03-25,0.0,0.0,0.0
Northern Mariana Islands,2020-03-26,0.0,0.0,0.0
Northern Mariana Islands,2020-03-27,0.0,0.0,0.0
Northern Mariana Islands,2020-03-28,0.0,0.0,0.0
Northern Mariana Islands,2020-03-29,0.0,0.0,0.0
Northern Mariana Islands,2020-03-30,0.0,0.0,0.0
Northern Mariana Islands,2020-03-31,2.0,0.0,0.0
Northern Mariana Islands,2020-04-01,6.0,1.0,0.0
Northern Mariana Islands,2020-04-02,6.0,1.0,0.0
Northern Mariana Islands,2020-04-03,8.0,1.0,0.0
Northern Mariana Islands,2020-04-04,8.0,1.0,0.0
Northern Mariana Islands,2020-04-05,8.0,1.0,0.0
Northern Mariana Islands,2020-04-06,8.0,1.0,0.0
Ohio,2020-03-10,3.0,0.0,0.0
Ohio,2020-03-11,17.0,0.0,0.0
Ohio,2020-03-12,5.0,0.0,0.0
Ohio,2020-03-14,26.0,0.0,0.0
Ohio,2020-03-15,37.0,0.0,0.0
Ohio,2020-03-16,50.0,0.0,0.0
Ohio,2020-03-17,67.0,0.0,0.0
Ohio,2020-03-18,86.0,0.0,0.0
Ohio,2020-03-19,119.0,0.0,0.0
Ohio,2020-03-20,173.0,2.0,0.0
Ohio,2020-03-21,248.0,3.0,0.0
Ohio,2020-03-22,356.0,3.0,0.0
Ohio,2020-03-23,443.0,6.0,0.0
Ohio,2020-03-24,567.0,8.0,0.0
Ohio,2020-03-25,704.0,11.0,0.0
Ohio,2020-03-26,868.0,15.0,0.0
Ohio,2020-03-27,1137.0,19.0,0.0
Ohio,2020-03-28,1406.0,25.0,0.0
Ohio,2020-03-29,1653.0,29.0,0.0
Ohio,2020-03-30,1933.0,40.0,0.0
Ohio,2020-03-31,2199.0,55.0,0.0
Ohio,2020-04-01,2547.0,65.0,0.0
Ohio,2020-04-02,2901.0,81.0,0.0
Ohio,2020-04-03,3312.0,91.0,0.0
Ohio,2020-04-04,3739.0,102.0,0.0
Ohio,2020-04-05,4043.0,119.0,0.0
Ohio,2020-04-06,4453.0,142.0,0.0
Oklahoma,2020-03-10,6.0,0.0,0.0
Oklahoma,2020-03-11,2.0,0.0,0.0
Oklahoma,2020-03-14,11.0,0.0,0.0
Oklahoma,2020-03-16,10.0,0.0,0.0
Oklahoma,2020-03-17,38.0,0.0,0.0
Oklahoma,2020-03-19,44.0,1.0,0.0
Oklahoma,2020-03-20,49.0,1.0,0.0
Oklahoma,2020-03-21,53.0,1.0,0.0
Oklahoma,2020-03-22,67.0,2.0,0.0
Oklahoma,2020-03-23,81.0,2.0,0.0
Oklahoma,2020-03-24,106.0,3.0,0.0
Oklahoma,2020-03-25,164.0,5.0,0.0
Oklahoma,2020-03-26,248.0,7.0,0.0
Oklahoma,2020-03-27,322.0,8.0,0.0
Oklahoma,2020-03-28,377.0,15.0,0.0
Oklahoma,2020-03-29,429.0,16.0,0.0
Oklahoma,2020-03-30,481.0,16.0,0.0
Oklahoma,2020-03-31,568.0,23.0,0.0
Oklahoma,2020-04-01,721.0,30.0,0.0
Oklahoma,2020-04-02,881.0,34.0,0.0
Oklahoma,2020-04-03,990.0,38.0,0.0
Oklahoma,2020-04-04,1161.0,42.0,0.0
Oklahoma,2020-04-05,1254.0,46.0,0.0
Oklahoma,2020-04-06,1329.0,51.0,0.0
Oregon,2020-03-10,15.0,0.0,0.0
Oregon,2020-03-11,49.0,0.0,0.0
Oregon,2020-03-12,24.0,0.0,0.0
Oregon,2020-03-14,32.0,0.0,0.0
Oregon,2020-03-15,36.0,1.0,0.0
Oregon,2020-03-16,39.0,1.0,0.0
Oregon,2020-03-17,66.0,1.0,0.0
Oregon,2020-03-18,68.0,2.0,0.0
Oregon,2020-03-19,88.0,3.0,0.0
Oregon,2020-03-20,114.0,3.0,0.0
Oregon,2020-03-21,114.0,5.0,0.0
Oregon,2020-03-22,161.0,5.0,0.0
Oregon,2020-03-23,191.0,5.0,0.0
Oregon,2020-03-24,210.0,8.0,0.0
Oregon,2020-03-25,266.0,10.0,0.0
Oregon,2020-03-26,316.0,11.0,0.0
Oregon,2020-03-27,416.0,12.0,0.0
Oregon,2020-03-28,479.0,13.0,0.0
Oregon,2020-03-29,548.0,13.0,0.0
Oregon,2020-03-30,606.0,16.0,0.0
Oregon,2020-03-31,690.0,18.0,0.0
Oregon,2020-04-01,736.0,19.0,0.0
Oregon,2020-04-02,826.0,21.0,0.0
Oregon,2020-04-03,899.0,22.0,0.0
Oregon,2020-04-04,899.0,22.0,0.0
Oregon,2020-04-05,1068.0,27.0,0.0
Oregon,2020-04-06,1068.0,27.0,0.0
Pennsylvania,2020-03-10,12.0,0.0,0.0
Pennsylvania,2020-03-11,57.0,0.0,0.0
Pennsylvania,2020-03-12,22.0,0.0,0.0
Pennsylvania,2020-03-14,113.0,0.0,0.0
Pennsylvania,2020-03-16,77.0,0.0,0.0
Pennsylvania,2020-03-17,112.0,0.0,0.0
Pennsylvania,2020-03-18,152.0,0.0,0.0
Pennsylvania,2020-03-19,206.0,1.0,0.0
Pennsylvania,2020-03-20,303.0,1.0,0.0
Pennsylvania,2020-03-21,396.0,2.0,0.0
Pennsylvania,2020-03-22,509.0,4.0,0.0
Pennsylvania,2020-03-23,698.0,6.0,0.0
Pennsylvania,2020-03-24,946.0,8.0,0.0
Pennsylvania,2020-03-25,1260.0,15.0,0.0
Pennsylvania,2020-03-26,1795.0,18.0,0.0
Pennsylvania,2020-03-27,2345.0,22.0,0.0
Pennsylvania,2020-03-28,2845.0,34.0,0.0
Pennsylvania,2020-03-29,3432.0,41.0,0.0
Pennsylvania,2020-03-30,4155.0,50.0,0.0
Pennsylvania,2020-03-31,4963.0,63.0,0.0
Pennsylvania,2020-04-01,6009.0,74.0,0.0
Pennsylvania,2020-04-02,7268.0,90.0,0.0
Pennsylvania,2020-04-03,8570.0,102.0,0.0
Pennsylvania,2020-04-04,10444.0,136.0,0.0
Pennsylvania,2020-04-05,11589.0,151.0,0.0
Pennsylvania,2020-04-06,13127.0,179.0,0.0
Puerto Rico,2020-03-14,8.0,0.0,0.0
Puerto Rico,2020-03-16,20.0,0.0,0.0
Puerto Rico,2020-03-20,14.0,0.0,0.0
Puerto Rico,2020-03-21,21.0,1.0,0.0
Puerto Rico,2020-03-22,23.0,1.0,0.0
Puerto Rico,2020-03-23,31.0,2.0,0.0
Puerto Rico,2020-03-24,39.0,2.0,0.0
Puerto Rico,2020-03-25,51.0,2.0,0.0
Puerto Rico,2020-03-26,64.0,2.0,0.0
Puerto Rico,2020-03-27,79.0,3.0,0.0
Puerto Rico,2020-03-28,100.0,3.0,0.0
Puerto Rico,2020-03-29,127.0,3.0,0.0
Puerto Rico,2020-03-30,174.0,6.0,0.0
Puerto Rico,2020-03-31,239.0,8.0,0.0
Puerto Rico,2020-04-01,286.0,11.0,0.0
Puerto Rico,2020-04-02,316.0,12.0,0.0
Puerto Rico,2020-04-03,316.0,15.0,0.0
Puerto Rico,2020-04-04,452.0,18.0,0.0
Puerto Rico,2020-04-05,475.0,20.0,0.0
Puerto Rico,2020-04-06,513.0,21.0,0.0
Recovered,2020-03-24,0.0,0.0,348.0
Recovered,2020-03-25,0.0,0.0,361.0
Recovered,2020-03-26,0.0,0.0,681.0
Recovered,2020-03-27,0.0,0.0,869.0
Recovered,2020-03-28,0.0,0.0,1072.0
Recovered,2020-03-29,0.0,0.0,2665.0
Recovered,2020-03-30,0.0,0.0,5644.0
Recovered,2020-03-31,0.0,0.0,7024.0
Recovered,2020-04-01,0.0,0.0,8474.0
Recovered,2020-04-02,0.0,0.0,9001.0
Recovered,2020-04-03,0.0,0.0,9707.0
Recovered,2020-04-04,0.0,0.0,14652.0
Recovered,2020-04-05,0.0,0.0,17448.0
Recovered,2020-04-06,0.0,0.0,19581.0
Rhode Island,2020-03-10,3.0,0.0,0.0
Rhode Island,2020-03-11,24.0,0.0,0.0
Rhode Island,2020-03-14,40.0,0.0,0.0
Rhode Island,2020-03-16,21.0,0.0,0.0
Rhode Island,2020-03-17,23.0,0.0,0.0
Rhode Island,2020-03-18,33.0,0.0,0.0
Rhode Island,2020-03-19,44.0,0.0,0.0
Rhode Island,2020-03-20,54.0,0.0,0.0
Rhode Island,2020-03-21,66.0,0.0,0.0
Rhode Island,2020-03-22,83.0,0.0,0.0
Rhode Island,2020-03-23,106.0,0.0,0.0
Rhode Island,2020-03-24,124.0,0.0,0.0
Rhode Island,2020-03-25,132.0,0.0,0.0
Rhode Island,2020-03-26,165.0,0.0,0.0
Rhode Island,2020-03-27,203.0,0.0,0.0
Rhode Island,2020-03-28,239.0,2.0,0.0
Rhode Island,2020-03-29,294.0,3.0,0.0
Rhode Island,2020-03-30,408.0,4.0,0.0
Rhode Island,2020-03-31,488.0,8.0,0.0
Rhode Island,2020-04-01,566.0,10.0,0.0
Rhode Island,2020-04-02,657.0,12.0,0.0
Rhode Island,2020-04-03,711.0,14.0,0.0
Rhode Island,2020-04-04,806.0,17.0,0.0
Rhode Island,2020-04-05,922.0,25.0,0.0
Rhode Island,2020-04-06,1082.0,27.0,0.0
South Carolina,2020-03-10,7.0,0.0,0.0
South Carolina,2020-03-11,23.0,0.0,0.0
South Carolina,2020-03-12,12.0,0.0,0.0
South Carolina,2020-03-14,47.0,0.0,0.0
South Carolina,2020-03-16,33.0,1.0,0.0
South Carolina,2020-03-17,94.0,2.0,0.0
South Carolina,2020-03-19,81.0,1.0,0.0
South Carolina,2020-03-20,126.0,1.0,0.0
South Carolina,2020-03-21,171.0,3.0,0.0
South Carolina,2020-03-22,196.0,3.0,0.0
South Carolina,2020-03-23,298.0,5.0,0.0
South Carolina,2020-03-24,342.0,5.0,0.0
South Carolina,2020-03-25,424.0,7.0,0.0
South Carolina,2020-03-26,424.0,9.0,0.0
South Carolina,2020-03-27,542.0,13.0,0.0
South Carolina,2020-03-28,660.0,15.0,0.0
South Carolina,2020-03-29,774.0,16.0,0.0
South Carolina,2020-03-30,925.0,18.0,0.0
South Carolina,2020-03-31,1083.0,22.0,0.0
South Carolina,2020-04-01,1293.0,26.0,0.0
South Carolina,2020-04-02,1554.0,31.0,0.0
South Carolina,2020-04-03,1700.0,34.0,0.0
South Carolina,2020-04-04,1917.0,40.0,0.0
South Carolina,2020-04-05,2049.0,44.0,0.0
South Carolina,2020-04-06,2232.0,48.0,0.0
South Dakota,2020-03-10,0.0,0.0,0.0
South Dakota,2020-03-11,24.0,3.0,0.0
South Dakota,2020-03-14,18.0,2.0,0.0
South Dakota,2020-03-16,10.0,1.0,0.0
South Dakota,2020-03-17,33.0,3.0,0.0
South Dakota,2020-03-20,28.0,2.0,0.0
South Dakota,2020-03-22,21.0,1.0,0.0
South Dakota,2020-03-23,28.0,1.0,0.0
South Dakota,2020-03-24,30.0,1.0,0.0
South Dakota,2020-03-25,41.0,1.0,0.0
South Dakota,2020-03-26,46.0,1.0,0.0
South Dakota,2020-03-27,58.0,1.0,0.0
South Dakota,2020-03-28,68.0,1.0,0.0
South Dakota,2020-03-29,90.0,1.0,0.0
South Dakota,2020-03-30,101.0,1.0,0.0
South Dakota,2020-03-31,108.0,1.0,0.0
South Dakota,2020-04-01,129.0,2.0,0.0
South Dakota,2020-04-02,165.0,2.0,0.0
South Dakota,2020-04-03,187.0,2.0,0.0
South Dakota,2020-04-04,212.0,2.0,0.0
South Dakota,2020-04-05,240.0,2.0,0.0
South Dakota,2020-04-06,288.0,4.0,0.0
Tennessee,2020-03-10,7.0,0.0,0.0
Tennessee,2020-03-11,35.0,0.0,0.0
Tennessee,2020-03-12,18.0,0.0,0.0
Tennessee,2020-03-14,71.0,0.0,0.0
Tennessee,2020-03-16,52.0,0.0,0.0
Tennessee,2020-03-17,74.0,0.0,0.0
Tennessee,2020-03-18,79.0,0.0,0.0
Tennessee,2020-03-19,154.0,0.0,0.0
Tennessee,2020-03-20,233.0,0.0,0.0
Tennessee,2020-03-21,371.0,1.0,0.0
Tennessee,2020-03-22,505.0,2.0,0.0
Tennessee,2020-03-23,614.0,2.0,0.0
Tennessee,2020-03-24,772.0,2.0,0.0
Tennessee,2020-03-25,916.0,3.0,0.0
Tennessee,2020-03-26,1097.0,3.0,0.0
Tennessee,2020-03-27,1318.0,6.0,0.0
Tennessee,2020-03-28,1511.0,7.0,0.0
Tennessee,2020-03-29,1720.0,8.0,0.0
Tennessee,2020-03-30,1917.0,14.0,0.0
Tennessee,2020-03-31,2391.0,23.0,0.0
Tennessee,2020-04-01,2933.0,24.0,0.0
Tennessee,2020-04-02,2845.0,36.0,0.0
Tennessee,2020-04-03,3067.0,41.0,0.0
Tennessee,2020-04-04,3322.0,50.0,0.0
Tennessee,2020-04-05,3633.0,53.0,0.0
Tennessee,2020-04-06,3802.0,65.0,0.0
Texas,2020-03-10,13.0,0.0,0.0
Texas,2020-03-11,64.0,0.0,0.0
Texas,2020-03-12,27.0,0.0,0.0
Texas,2020-03-14,57.0,0.0,0.0
Texas,2020-03-15,72.0,0.0,0.0
Texas,2020-03-16,85.0,0.0,0.0
Texas,2020-03-17,110.0,1.0,0.0
Texas,2020-03-18,173.0,3.0,0.0
Texas,2020-03-19,260.0,5.0,0.0
Texas,2020-03-20,394.0,5.0,0.0
Texas,2020-03-21,581.0,5.0,0.0
Texas,2020-03-22,643.0,7.0,0.0
Texas,2020-03-23,758.0,9.0,0.0
Texas,2020-03-24,955.0,12.0,0.0
Texas,2020-03-25,1229.0,15.0,0.0
Texas,2020-03-26,1563.0,21.0,0.0
Texas,2020-03-27,1937.0,26.0,0.0
Texas,2020-03-28,2455.0,30.0,0.0
Texas,2020-03-29,2792.0,37.0,0.0
Texas,2020-03-30,3147.0,45.0,0.0
Texas,2020-03-31,3809.0,54.0,0.0
Texas,2020-04-01,4355.0,66.0,0.0
Texas,2020-04-02,5069.0,77.0,0.0
Texas,2020-04-03,5734.0,100.0,0.0
Texas,2020-04-04,6556.0,116.0,0.0
Texas,2020-04-05,7209.0,136.0,0.0
Texas,2020-04-06,8043.0,150.0,0.0
US,2020-03-18,1.0,0.0,106.0
US,2020-03-19,1.0,0.0,108.0
US,2020-03-20,1.0,0.0,147.0
US,2020-03-21,1.0,0.0,171.0
Unassigned Location (From Diamond Princess),2020-02-24,36.0,0.0,0.0
Unassigned Location (From Diamond Princess),2020-02-25,36.0,0.0,0.0
Unassigned Location (From Diamond Princess),2020-02-26,84.0,0.0,0.0
Unassigned Location (From Diamond Princess),2020-02-28,132.0,0.0,0.0
Unassigned Location (From Diamond Princess),2020-03-02,360.0,0.0,0.0
United States Virgin Islands,2020-03-18,4.0,0.0,0.0
United States Virgin Islands,2020-03-20,3.0,0.0,0.0
United States Virgin Islands,2020-03-21,6.0,0.0,0.0
Utah,2020-03-10,2.0,0.0,0.0
Utah,2020-03-11,12.0,0.0,0.0
Utah,2020-03-12,5.0,0.0,0.0
Utah,2020-03-14,10.0,0.0,0.0
Utah,2020-03-15,28.0,0.0,0.0
Utah,2020-03-16,39.0,0.0,0.0
Utah,2020-03-17,102.0,0.0,0.0
Utah,2020-03-19,80.0,0.0,0.0
Utah,2020-03-20,78.0,0.0,0.0
Utah,2020-03-21,136.0,0.0,0.0
Utah,2020-03-22,162.0,1.0,0.0
Utah,2020-03-23,257.0,1.0,0.0
Utah,2020-03-24,298.0,1.0,0.0
Utah,2020-03-25,340.0,1.0,0.0
Utah,2020-03-26,396.0,1.0,0.0
Utah,2020-03-27,472.0,1.0,0.0
Utah,2020-03-28,602.0,1.0,0.0
Utah,2020-03-29,720.0,2.0,0.0
Utah,2020-03-30,804.0,4.0,0.0
Utah,2020-03-31,888.0,5.0,0.0
Utah,2020-04-01,888.0,5.0,0.0
Utah,2020-04-02,1092.0,7.0,0.0
Utah,2020-04-03,1255.0,7.0,0.0
Utah,2020-04-04,1435.0,8.0,0.0
Utah,2020-04-05,1608.0,8.0,0.0
Utah,2020-04-06,1685.0,13.0,0.0
Vermont,2020-03-10,2.0,0.0,0.0
Vermont,2020-03-11,2.0,0.0,0.0
Vermont,2020-03-12,2.0,0.0,0.0
Vermont,2020-03-14,13.0,0.0,0.0
Vermont,2020-03-16,24.0,0.0,0.0
Vermont,2020-03-18,18.0,0.0,0.0
Vermont,2020-03-19,22.0,0.0,0.0
Vermont,2020-03-20,58.0,4.0,0.0
Vermont,2020-03-22,52.0,2.0,0.0
Vermont,2020-03-23,75.0,5.0,0.0
Vermont,2020-03-24,95.0,7.0,0.0
Vermont,2020-03-25,125.0,8.0,0.0
Vermont,2020-03-26,158.0,9.0,0.0
Vermont,2020-03-27,184.0,10.0,0.0
Vermont,2020-03-28,211.0,12.0,0.0
Vermont,2020-03-29,235.0,12.0,0.0
Vermont,2020-03-30,256.0,12.0,0.0
Vermont,2020-03-31,293.0,13.0,0.0
Vermont,2020-04-01,321.0,16.0,0.0
Vermont,2020-04-02,338.0,17.0,0.0
Vermont,2020-04-03,389.0,17.0,0.0
Vermont,2020-04-04,461.0,20.0,0.0
Vermont,2020-04-05,512.0,22.0,0.0
Vermont,2020-04-06,543.0,23.0,0.0
Virgin Islands,2020-03-16,1.0,0.0,0.0
Virgin Islands,2020-03-17,4.0,0.0,0.0
Virgin Islands,2020-03-19,3.0,0.0,0.0
Virgin Islands,2020-03-22,6.0,0.0,0.0
Virgin Islands,2020-03-23,7.0,0.0,0.0
Virgin Islands,2020-03-24,17.0,0.0,0.0
Virgin Islands,2020-03-25,17.0,0.0,0.0
Virgin Islands,2020-03-26,17.0,0.0,0.0
Virgin Islands,2020-03-27,19.0,0.0,0.0
Virgin Islands,2020-03-28,22.0,0.0,0.0
Virgin Islands,2020-03-29,0.0,0.0,0.0
Virgin Islands,2020-03-30,0.0,0.0,0.0
Virgin Islands,2020-03-31,30.0,0.0,0.0
Virgin Islands,2020-04-01,30.0,0.0,0.0
Virgin Islands,2020-04-02,30.0,0.0,0.0
Virgin Islands,2020-04-03,37.0,0.0,0.0
Virgin Islands,2020-04-04,40.0,0.0,0.0
Virgin Islands,2020-04-05,42.0,1.0,0.0
Virgin Islands,2020-04-06,43.0,1.0,0.0
Virginia,2020-03-10,7.0,0.0,0.0
Virginia,2020-03-11,39.0,0.0,0.0
Virginia,2020-03-12,17.0,0.0,0.0
Virginia,2020-03-14,41.0,1.0,0.0
Virginia,2020-03-15,45.0,1.0,0.0
Virginia,2020-03-16,49.0,1.0,0.0
Virginia,2020-03-17,67.0,2.0,0.0
Virginia,2020-03-18,77.0,2.0,0.0
Virginia,2020-03-19,99.0,2.0,0.0
Virginia,2020-03-20,122.0,2.0,0.0
Virginia,2020-03-21,156.0,2.0,0.0
Virginia,2020-03-22,220.0,6.0,0.0
Virginia,2020-03-23,254.0,6.0,0.0
Virginia,2020-03-24,293.0,9.0,0.0
Virginia,2020-03-25,396.0,9.0,0.0
Virginia,2020-03-26,466.0,10.0,0.0
Virginia,2020-03-27,607.0,10.0,0.0
Virginia,2020-03-28,740.0,13.0,0.0
Virginia,2020-03-29,890.0,20.0,0.0
Virginia,2020-03-30,1020.0,15.0,0.0
Virginia,2020-03-31,1249.0,27.0,0.0
Virginia,2020-04-01,1483.0,34.0,0.0
Virginia,2020-04-02,1706.0,41.0,0.0
Virginia,2020-04-03,2012.0,46.0,0.0
Virginia,2020-04-04,2407.0,52.0,0.0
Virginia,2020-04-05,2640.0,52.0,0.0
Virginia,2020-04-06,2878.0,66.0,0.0
Washington,2020-01-22,1.0,0.0,0.0
Washington,2020-01-23,1.0,0.0,0.0
Washington,2020-01-24,1.0,0.0,0.0
Washington,2020-01-25,1.0,0.0,0.0
Washington,2020-01-26,1.0,0.0,0.0
Washington,2020-01-27,1.0,0.0,0.0
Washington,2020-01-28,1.0,0.0,0.0
Washington,2020-01-29,1.0,0.0,0.0
Washington,2020-01-30,1.0,0.0,0.0
Washington,2020-01-31,1.0,0.0,0.0
Washington,2020-03-10,267.0,23.0,1.0
Washington,2020-03-11,934.0,66.0,2.0
Washington,2020-03-12,442.0,31.0,1.0
Washington,2020-03-14,572.0,37.0,1.0
Washington,2020-03-15,643.0,40.0,1.0
Washington,2020-03-16,904.0,48.0,1.0
Washington,2020-03-17,1076.0,55.0,1.0
Washington,2020-03-18,1014.0,55.0,0.0
Washington,2020-03-19,1376.0,74.0,0.0
Washington,2020-03-20,1524.0,83.0,0.0
Washington,2020-03-21,1793.0,94.0,0.0
Washington,2020-03-22,1997.0,97.0,0.0
Washington,2020-03-23,2221.0,109.0,0.0
Washington,2020-03-24,2328.0,116.0,0.0
Washington,2020-03-25,2591.0,133.0,0.0
Washington,2020-03-26,3207.0,150.0,0.0
Washington,2020-03-27,3477.0,157.0,0.0
Washington,2020-03-28,4030.0,188.0,0.0
Washington,2020-03-29,4465.0,198.0,0.0
Washington,2020-03-30,4923.0,205.0,0.0
Washington,2020-03-31,5432.0,225.0,0.0
Washington,2020-04-01,5608.0,234.0,0.0
Washington,2020-04-02,6389.0,271.0,0.0
Washington,2020-04-03,6846.0,291.0,0.0
Washington,2020-04-04,7247.0,315.0,0.0
Washington,2020-04-05,7825.0,336.0,0.0
Washington,2020-04-06,8311.0,381.0,0.0
West Virginia,2020-03-10,0.0,0.0,0.0
West Virginia,2020-03-11,0.0,0.0,0.0
West Virginia,2020-03-17,2.0,0.0,0.0
West Virginia,2020-03-19,2.0,0.0,0.0
West Virginia,2020-03-20,7.0,0.0,0.0
West Virginia,2020-03-21,8.0,0.0,0.0
West Virginia,2020-03-22,16.0,0.0,0.0
West Virginia,2020-03-23,16.0,0.0,0.0
West Virginia,2020-03-24,22.0,0.0,0.0
West Virginia,2020-03-25,39.0,0.0,0.0
West Virginia,2020-03-26,52.0,0.0,0.0
West Virginia,2020-03-27,76.0,0.0,0.0
West Virginia,2020-03-28,96.0,0.0,0.0
West Virginia,2020-03-29,113.0,0.0,0.0
West Virginia,2020-03-30,145.0,1.0,0.0
West Virginia,2020-03-31,162.0,1.0,0.0
West Virginia,2020-04-01,191.0,1.0,0.0
West Virginia,2020-04-02,216.0,2.0,0.0
West Virginia,2020-04-03,237.0,2.0,0.0
West Virginia,2020-04-04,282.0,2.0,0.0
West Virginia,2020-04-05,324.0,3.0,0.0
West Virginia,2020-04-06,345.0,4.0,0.0
Wisconsin,2020-03-10,3.0,0.0,1.0
Wisconsin,2020-03-11,25.0,0.0,2.0
Wisconsin,2020-03-12,8.0,0.0,1.0
Wisconsin,2020-03-14,27.0,0.0,1.0
Wisconsin,2020-03-15,32.0,0.0,1.0
Wisconsin,2020-03-16,47.0,0.0,1.0
Wisconsin,2020-03-17,72.0,0.0,1.0
Wisconsin,2020-03-18,92.0,0.0,0.0
Wisconsin,2020-03-19,159.0,0.0,0.0
Wisconsin,2020-03-20,207.0,3.0,0.0
Wisconsin,2020-03-21,282.0,4.0,0.0
Wisconsin,2020-03-22,381.0,4.0,0.0
Wisconsin,2020-03-23,425.0,5.0,0.0
Wisconsin,2020-03-24,481.0,5.0,0.0
Wisconsin,2020-03-25,621.0,7.0,0.0
Wisconsin,2020-03-26,728.0,10.0,0.0
Wisconsin,2020-03-27,926.0,14.0,0.0
Wisconsin,2020-03-28,1055.0,17.0,0.0
Wisconsin,2020-03-29,1164.0,18.0,0.0
Wisconsin,2020-03-30,1230.0,20.0,0.0
Wisconsin,2020-03-31,1412.0,25.0,0.0
Wisconsin,2020-04-01,1556.0,27.0,0.0
Wisconsin,2020-04-02,1748.0,38.0,0.0
Wisconsin,2020-04-03,2012.0,51.0,0.0
Wisconsin,2020-04-04,2030.0,54.0,0.0
Wisconsin,2020-04-05,2320.0,74.0,0.0
Wisconsin,2020-04-06,2449.0,78.0,0.0
Wuhan Evacuee,2020-03-22,4.0,0.0,0.0
Wuhan Evacuee,2020-03-23,4.0,0.0,0.0
Wuhan Evacuee,2020-03-24,4.0,0.0,0.0
Wyoming,2020-03-10,0.0,0.0,0.0
Wyoming,2020-03-11,1.0,0.0,0.0
Wyoming,2020-03-12,1.0,0.0,0.0
Wyoming,2020-03-14,2.0,0.0,0.0
Wyoming,2020-03-15,6.0,0.0,0.0
Wyoming,2020-03-17,11.0,0.0,0.0
Wyoming,2020-03-18,15.0,0.0,0.0
Wyoming,2020-03-19,18.0,0.0,0.0
Wyoming,2020-03-20,19.0,0.0,0.0
Wyoming,2020-03-21,23.0,0.0,0.0
Wyoming,2020-03-22,26.0,0.0,0.0
Wyoming,2020-03-23,26.0,0.0,0.0
Wyoming,2020-03-24,29.0,0.0,0.0
Wyoming,2020-03-25,44.0,0.0,0.0
Wyoming,2020-03-26,53.0,0.0,0.0
Wyoming,2020-03-27,70.0,0.0,0.0
Wyoming,2020-03-28,82.0,0.0,0.0
Wyoming,2020-03-29,86.0,0.0,0.0
Wyoming,2020-03-30,94.0,0.0,0.0
Wyoming,2020-03-31,109.0,0.0,0.0
Wyoming,2020-04-01,130.0,0.0,0.0
Wyoming,2020-04-02,150.0,0.0,0.0
Wyoming,2020-04-03,162.0,0.0,0.0
Wyoming,2020-04-04,187.0,0.0,0.0
Wyoming,2020-04-05,197.0,0.0,0.0
Wyoming,2020-04-06,210.0,0.0,0.0
